2|Zika|zika123|Guest1|Zika|Biber|biberce@gmail.com|187-631|False|
3|Jovo|jovo123|TourGuide|Jovo|Preletacevic|preletacevic@gmail.com|859-317|False|
4|Bob|bob123|Guest2|Bob|Marley|marleyb@gmail.com|415-289|False|1,2,
1|Pera|pera123|Owner|Pera|Pasulj|pera123@gmail.com|643-235|False|
